{
  "train_losses": [
    0.3655675603283776,
    0.2926405585474438,
    0.28268076048956975,
    0.2765225436952379,
    0.2742578367392222,
    0.27159502738051944,
    0.27020726203918455,
    0.26954593426651424,
    0.27007711595959133,
    0.2686721679237154,
    0.2678092549244563,
    0.26760373777813384,
    0.2670707636409336,
    0.26677909427218965
  ],
  "val_losses": [
    0.3084632843732834,
    0.29960642457008363,
    0.2948888272047043,
    0.29041237831115724,
    0.2875233620405197,
    0.28830091655254364,
    0.28729150593280794,
    0.2864624410867691,
    0.28758667409420013,
    0.2867042481899261,
    0.2873321145772934,
    0.28676279485225675,
    0.2864647090435028,
    0.2865513414144516
  ],
  "val_accs": [
    0.95,
    0.955,
    0.96,
    0.975,
    0.965,
    0.97,
    0.965,
    0.975,
    0.97,
    0.965,
    0.965,
    0.97,
    0.97,
    0.97
  ]
}