{
  "train_losses": [
    3.701933204600241,
    3.2392197921212795,
    3.0492615045699396,
    2.8707424096301595,
    2.7081351702192187,
    2.5014851789558885,
    2.3478403682202362,
    2.22865717917417,
    2.1116682871253087,
    2.001831687657179,
    1.8292651440190002,
    1.7405374746407027
  ],
  "val_losses": [
    3.3364260380084696,
    3.2243503423837514,
    3.096353897681603,
    2.98467964392442,
    2.8573457094339223,
    2.6413360008826623,
    2.517309023783757,
    2.4685650055225077,
    2.4475524792304406,
    2.303467420431284,
    2.2284714808830848,
    2.1721692910561194
  ],
  "val_accs": [
    0.0,
    0.015,
    0.01,
    0.045,
    0.055,
    0.07,
    0.075,
    0.07,
    0.07,
    0.065,
    0.09,
    0.1
  ]
}