{
  "train_losses": [
    0.462196471116863,
    0.4373343819415122,
    0.42158677718351356,
    0.4095239447450622
  ],
  "val_losses": [
    0.35689809989677257,
    0.3785248292367636,
    0.39330054458243163,
    0.39501520276931557
  ],
  "val_accs": [
    0.7061730113438652,
    0.6752731574918227,
    0.6565523000904725,
    0.6532813696151437
  ]
}