{
  "train_losses": [
    1.660323461306464,
    1.4802582180991615,
    1.3782953467872954,
    1.3189092135613727,
    1.2817149789062972,
    1.2550721806041973,
    1.2403070816059703,
    1.2257621297516774
  ],
  "val_losses": [
    0.6522734066963196,
    0.6300735136508941,
    0.6293386598587036,
    0.6093194117546081,
    0.6098686993598939,
    0.5930627368450164,
    0.5936064124107361,
    0.5855858456611633
  ],
  "val_accs": [
    0.437,
    0.4536,
    0.4559,
    0.4623,
    0.4612,
    0.469,
    0.4723,
    0.47
  ]
}