{"train_losses": [4.5296719029823445, 3.2926291382831074, 3.141399037023509, 2.822674237423062, 2.157553299613621, 1.3597360756826697, 0.8399961662958868, 0.5798254261105698, 0.4126834441786227, 0.32541144412496814, 0.22086616121926664, 0.17748900736618486, 0.13888779196957624, 0.1141307670623064, 0.0914796603646893, 0.07447302148255132, 0.05782788520482201, 0.057618596747239924, 0.06534772459706813, 0.05827429671974286], "val_losses": [3.3532411835410376, 3.260123231194236, 3.1564296809109775, 2.6745328686454077, 1.9325882413170554, 1.3426590236750515, 0.8567844358357516, 0.7093878957358274, 0.5857478461482308, 0.44996170699596405, 0.44932766258716583, 0.31954591382633557, 0.35566327246752655, 0.40321762588891114, 0.34060184928503906, 0.39067523316903546, 0.32379200783642853, 0.3096220547502691, 0.40535109557888727, 0.39671017635952344], "val_accs": [0.0, 0.0, 0.0, 0.0, 0.022727272727272728, 0.13068181818181818, 0.26704545454545453, 0.3693181818181818, 0.4943181818181818, 0.5284090909090909, 0.5738636363636364, 0.6306818181818182, 0.6420454545454546, 0.5738636363636364, 0.6363636363636364, 0.5681818181818182, 0.6420454545454546, 0.6363636363636364, 0.5454545454545454, 0.6136363636363636]}