{
  "train_losses": [
    1.9078773299794571,
    0.6198251773621521,
    0.5413945656021436,
    0.5123672569557732,
    0.49795293897974724,
    0.4903666438483724,
    0.4696826673547427,
    0.4647624902339543,
    0.4618962648861549,
    0.4595476077935275,
    0.4575598674077614,
    0.45647807841207466,
    0.44984987160738776,
    0.4483780729420045,
    0.44677921540012544,
    0.4458255194215214,
    0.4450377962986628,
    0.4440832518654711
  ],
  "val_losses": [
    2.353497767448425,
    1.8693563103675843,
    0.9545080304145813,
    0.7973830819129943,
    0.718714314699173,
    0.6905534625053406,
    0.5663113474845887,
    0.5439454942941666,
    0.5146148115396499,
    0.5091550588607788,
    0.505769956111908,
    0.48619444072246554,
    0.4612875312566757,
    0.4494595110416412,
    0.44162063896656034,
    0.4459111958742142,
    0.4386385381221771,
    0.43508880138397216
  ],
  "val_accs": [
    0.04,
    0.07,
    0.51,
    0.625,
    0.705,
    0.69,
    0.865,
    0.87,
    0.905,
    0.89,
    0.915,
    0.925,
    0.95,
    0.97,
    0.97,
    0.965,
    0.975,
    0.98
  ]
}