{
  "train_losses": [
    0.9054882151287231,
    0.7813537014000732,
    0.718672211434394,
    0.6849935173881524,
    0.6662589758456536,
    0.6490633294360185,
    0.6365992944051145,
    0.6315779021563923,
    0.6240866128511041,
    0.6192237975135926
  ],
  "val_losses": [
    0.5221871743279118,
    0.4321769835122833,
    0.3840282465578849,
    0.3675638095489201,
    0.3547375093942489,
    0.34178506839063194,
    0.33714364712707723,
    0.332173291166977,
    0.327389653900574,
    0.3260098284191231
  ],
  "val_accs": [
    0.5170853921636858,
    0.6140302039111977,
    0.6775001739856635,
    0.7022757324796437,
    0.7175168766093674,
    0.7366552996033127,
    0.7443802630663233,
    0.749878210035493,
    0.7582295218873965,
    0.7586470874799917
  ]
}